team,date,points,goals,goals_against,power_play,penalty_kill,shots,shots_against,FOWp,opponent,identifier,rolling_points_5,rolling_points_10,rolling_points_20,rolling_goals_5,rolling_goals_10,rolling_ga_5,rolling_ga_10,rolling_pp_5,rolling_pk_5,rolling_shots_5,rolling_sa_5,rolling_fow_5
Vegas Golden Knights,2017-10-06,2,2,1,0.0,75.0,30.0,46.0,42.4,Dallas Stars,@,,,,,,,,,,,,
Vegas Golden Knights,2017-10-07,2,2,1,0.0,100.0,42.0,28.0,60.7,Arizona Coyotes,@,,,,,,,,,,,,
Vegas Golden Knights,2017-10-10,2,5,2,33.3,100.0,28.0,33.0,68.1,Arizona Coyotes,vs,,,,,,,,,,,,
Vegas Golden Knights,2017-10-13,0,3,6,0.0,100.0,27.0,27.0,41.5,Detroit Red Wings,vs,,,,,,,,,,,,
Vegas Golden Knights,2017-10-15,2,3,1,0.0,100.0,26.0,22.0,66.7,Boston Bruins,vs,,,,,,,,,,,,
Vegas Golden Knights,2017-10-17,2,5,4,20.0,40.0,31.0,34.0,48.4,Buffalo Sabres,vs,1.6,,,3.0,,2.2,,6.659999999999999,95.0,30.6,31.2,55.879999999999995
Vegas Golden Knights,2017-10-21,2,3,2,66.7,100.0,22.0,49.0,46.5,St. Louis Blues,vs,1.6,,,3.6,,2.8,,10.66,88.0,30.8,28.8,57.08
Vegas Golden Knights,2017-10-24,2,4,2,20.0,100.0,33.0,31.0,49.2,Chicago Blackhawks,vs,1.6,,,3.8,,3.0,,24.0,88.0,26.8,33.0,54.239999999999995
Vegas Golden Knights,2017-10-27,2,7,0,20.0,100.0,21.0,32.0,58.3,Colorado Avalanche,vs,1.6,,,3.6,,3.0,,21.34,88.0,27.8,32.6,50.46
Vegas Golden Knights,2017-10-30,0,3,6,40.0,60.0,34.0,30.0,46.6,New York Islanders,@,2.0,,,4.4,,1.8,,25.34,88.0,26.6,33.6,53.82000000000001
Vegas Golden Knights,2017-10-31,0,4,6,0.0,60.0,34.0,38.0,41.5,New York Rangers,@,1.6,1.6,,4.4,3.7,2.8,2.5,33.339999999999996,80.0,28.2,35.2,49.8
Vegas Golden Knights,2017-11-02,0,1,2,0.0,100.0,29.0,28.0,49.2,Boston Bruins,@,1.2,1.4,,4.2,3.9,3.2,3.0,29.339999999999996,84.0,28.8,36.0,48.42
Vegas Golden Knights,2017-11-04,2,5,4,60.0,100.0,34.0,28.0,45.6,Ottawa Senators,@,0.8,1.2,,3.8,3.8,3.2,3.1,16.0,84.0,30.2,31.8,48.96
Vegas Golden Knights,2017-11-06,1,3,3,33.3,75.0,28.0,25.0,50.9,Toronto Maple Leafs,@,0.8,1.2,,4.0,3.8,3.6,3.3,24.0,84.0,30.4,31.2,48.239999999999995
Vegas Golden Knights,2017-11-07,0,2,3,0.0,100.0,31.0,28.0,50.8,Montréal Canadiens,@,0.6,1.3,,3.2,3.8,4.2,3.0,26.660000000000004,79.0,31.8,29.8,46.760000000000005
Vegas Golden Knights,2017-11-10,2,5,2,25.0,83.3,27.0,29.0,33.3,Winnipeg Jets,vs,0.6,1.1,,3.0,3.7,3.6,3.2,18.66,87.0,31.2,29.4,47.6
Vegas Golden Knights,2017-11-14,0,2,8,0.0,0.0,24.0,31.0,63.5,Edmonton Oilers,@,1.0,1.1,,3.2,3.7,2.8,3.0,23.66,91.66,29.8,27.6,45.959999999999994
Vegas Golden Knights,2017-11-16,2,5,2,20.0,100.0,30.0,21.0,49.3,Vancouver Canucks,@,1.0,0.9,,3.4,3.6,4.0,3.6,23.66,71.66,28.8,28.2,48.82
Vegas Golden Knights,2017-11-19,2,4,2,0.0,100.0,40.0,29.0,48.4,Los Angeles Kings,vs,1.0,0.9,,3.4,3.7,3.6,3.6,15.66,71.66,28.0,26.8,49.56
Vegas Golden Knights,2017-11-22,2,4,2,33.3,75.0,49.0,19.0,39.4,Anaheim Ducks,@,1.2,0.9,,3.6,3.4,3.4,3.8,9.0,76.66,30.4,27.6,49.059999999999995
Vegas Golden Knights,2017-11-24,2,5,4,50.0,50.0,33.0,26.0,58.1,San Jose Sharks,vs,1.6,1.1,1.35,4.0,3.5,3.2,3.4,15.66,71.66,34.0,25.8,46.78
Vegas Golden Knights,2017-11-25,2,4,2,20.0,100.0,28.0,26.0,54.2,Arizona Coyotes,@,1.6,1.3,1.35,4.0,3.6,3.6,3.2,20.66,65.0,35.2,25.2,51.739999999999995
Vegas Golden Knights,2017-11-28,0,0,3,0.0,100.0,34.0,30.0,50.8,Dallas Stars,vs,2.0,1.5,1.35,4.4,3.9,2.4,3.2,24.66,85.0,36.0,24.2,49.88
Vegas Golden Knights,2017-11-30,0,2,4,0.0,100.0,31.0,32.0,44.2,Minnesota Wild,@,1.6,1.3,1.25,3.4,3.4,2.6,3.1,20.66,85.0,36.8,26.0,50.18
Vegas Golden Knights,2017-12-01,0,4,7,0.0,40.0,31.0,38.0,40.9,Winnipeg Jets,@,1.2,1.2,1.25,3.0,3.3,3.0,3.2,20.66,85.0,35.0,26.6,49.34
Vegas Golden Knights,2017-12-03,2,3,2,20.0,0.0,45.0,33.0,60.6,Arizona Coyotes,vs,0.8,1.2,1.15,3.0,3.5,4.0,3.6,14.0,78.0,31.4,30.4,49.64
Vegas Golden Knights,2017-12-05,2,3,3,0.0,66.7,43.0,29.0,58.2,Anaheim Ducks,vs,0.8,1.2,1.15,2.6,3.3,3.6,3.6,8.0,68.0,33.8,31.8,50.14
Vegas Golden Knights,2017-12-08,2,3,3,25.0,100.0,39.0,44.0,45.2,Nashville Predators,@,0.8,1.4,1.15,2.4,3.4,3.8,3.1,4.0,61.339999999999996,36.8,32.4,50.94
Vegas Golden Knights,2017-12-09,2,5,3,50.0,100.0,39.0,39.0,51.6,Dallas Stars,@,1.2,1.4,1.15,3.0,3.2,3.8,3.2,9.0,61.339999999999996,37.8,35.2,49.82000000000001
Vegas Golden Knights,2017-12-12,1,2,2,0.0,100.0,24.0,37.0,47.7,Carolina Hurricanes,vs,1.6,1.4,1.15,3.6,3.3,3.6,3.3,19.0,61.339999999999996,39.4,36.6,51.3
Vegas Golden Knights,2017-12-14,2,2,1,0.0,100.0,26.0,25.0,34.6,Pittsburgh Penguins,vs,1.8,1.3,1.2,3.2,3.1,2.6,3.3,19.0,73.34,38.0,36.4,52.660000000000004
Vegas Golden Knights,2017-12-17,2,5,2,0.0,66.7,40.0,18.0,56.5,Florida Panthers,vs,1.8,1.3,1.3,3.0,2.8,2.4,3.0,15.0,93.34,34.2,34.8,47.46
Vegas Golden Knights,2017-12-19,2,4,3,80.0,50.0,36.0,38.0,52.4,Tampa Bay Lightning,vs,1.8,1.3,1.4,3.4,2.9,2.2,3.0,15.0,93.34,33.6,32.6,47.120000000000005
Vegas Golden Knights,2017-12-23,2,3,0,0.0,100.0,28.0,26.0,50.9,Washington Capitals,vs,1.8,1.5,1.4,3.6,3.3,2.2,3.0,26.0,83.34,33.0,31.4,48.56
Vegas Golden Knights,2017-12-27,2,4,1,0.0,100.0,28.0,28.0,49.1,Anaheim Ducks,@,1.8,1.7,1.45,3.2,3.4,1.6,2.6,16.0,83.34,30.8,28.8,48.42
Vegas Golden Knights,2017-12-28,2,3,2,0.0,100.0,39.0,28.0,49.0,Los Angeles Kings,@,2.0,1.9,1.55,3.6,3.4,1.4,2.0,16.0,83.34,31.6,27.0,48.7
Vegas Golden Knights,2017-12-31,2,6,3,0.0,100.0,31.0,23.0,46.3,Toronto Maple Leafs,vs,2.0,1.9,1.55,3.8,3.4,1.6,2.0,16.0,83.34,34.2,27.6,51.58
Vegas Golden Knights,2018-01-02,2,3,0,100.0,100.0,31.0,29.0,44.6,Nashville Predators,vs,2.0,1.9,1.65,4.0,3.7,1.8,2.0,16.0,90.0,32.4,28.6,49.54
Vegas Golden Knights,2018-01-04,0,1,2,0.0,100.0,33.0,39.0,39.2,St. Louis Blues,@,2.0,1.9,1.65,3.8,3.7,1.2,1.7,20.0,100.0,31.4,26.8,47.980000000000004
Vegas Golden Knights,2018-01-05,2,5,4,0.0,100.0,43.0,32.0,44.6,Chicago Blackhawks,@,1.6,1.7,1.55,3.4,3.3,1.6,1.6,20.0,100.0,32.4,29.4,45.64
Vegas Golden Knights,2018-01-07,2,2,1,0.0,100.0,34.0,29.0,46.0,New York Rangers,vs,1.6,1.8,1.55,3.6,3.6,2.2,1.8,20.0,100.0,35.4,30.2,44.74
Vegas Golden Knights,2018-01-13,1,2,3,0.0,100.0,36.0,30.0,63.2,Edmonton Oilers,vs,1.6,1.8,1.55,3.4,3.6,2.0,1.8,20.0,100.0,34.4,30.4,44.14
Vegas Golden Knights,2018-01-16,0,0,1,0.0,100.0,43.0,27.0,54.8,Nashville Predators,@,1.4,1.7,1.5,2.6,3.3,2.0,1.9,20.0,100.0,35.4,31.8,47.52
Vegas Golden Knights,2018-01-18,2,4,1,0.0,66.7,30.0,29.0,41.8,Tampa Bay Lightning,@,1.0,1.5,1.5,2.0,2.9,2.2,1.7,0.0,100.0,37.8,31.4,49.56
Vegas Golden Knights,2018-01-19,1,3,4,0.0,100.0,36.0,26.0,48.3,Florida Panthers,@,1.4,1.5,1.6,2.6,3.0,2.0,1.8,0.0,93.34,37.2,29.4,50.08
Vegas Golden Knights,2018-01-21,2,5,1,50.0,75.0,33.0,28.0,37.0,Carolina Hurricanes,@,1.2,1.4,1.65,2.2,2.9,2.0,2.1,0.0,93.34,35.8,28.2,50.82
Vegas Golden Knights,2018-01-23,2,6,3,66.7,100.0,38.0,32.0,42.7,Columbus Blue Jackets,vs,1.2,1.4,1.65,2.8,3.1,2.0,2.0,10.0,88.34,35.6,28.0,49.019999999999996
Vegas Golden Knights,2018-01-25,0,1,2,50.0,100.0,39.0,25.0,50.8,New York Islanders,vs,1.4,1.4,1.65,3.6,3.1,2.0,2.0,23.34,88.34,36.0,28.4,44.919999999999995
Vegas Golden Knights,2018-01-30,2,4,2,50.0,100.0,35.0,33.0,49.2,Calgary Flames,@,1.4,1.2,1.55,3.8,2.9,2.2,2.2,33.339999999999996,88.34,35.2,28.0,44.12
Vegas Golden Knights,2018-02-01,2,3,2,50.0,100.0,31.0,28.0,50.0,Winnipeg Jets,@,1.4,1.4,1.55,3.8,3.2,2.4,2.2,43.339999999999996,95.0,36.2,28.8,45.6
Vegas Golden Knights,2018-02-02,0,2,5,66.7,50.0,24.0,35.0,48.1,Minnesota Wild,@,1.6,1.4,1.6,3.8,3.0,2.0,2.0,53.339999999999996,95.0,35.2,29.2,45.94
Vegas Golden Knights,2018-02-04,2,4,3,100.0,100.0,31.0,23.0,57.8,Washington Capitals,@,1.2,1.2,1.5,3.2,3.0,2.8,2.4,56.67999999999999,90.0,33.4,30.6,48.160000000000004
Vegas Golden Knights,2018-02-06,0,4,5,33.3,100.0,25.0,38.0,44.8,Pittsburgh Penguins,@,1.2,1.3,1.5,2.8,3.2,2.8,2.4,63.34000000000001,90.0,32.0,28.8,51.18
Vegas Golden Knights,2018-02-08,2,5,3,20.0,50.0,33.0,38.0,45.2,San Jose Sharks,@,1.2,1.3,1.4,3.4,3.6,3.4,2.8,60.0,90.0,29.2,31.4,49.980000000000004
Vegas Golden Knights,2018-02-11,0,1,4,0.0,80.0,39.0,18.0,40.6,Philadelphia Flyers,vs,1.2,1.3,1.4,3.6,3.7,3.6,3.0,54.0,80.0,28.8,32.4,49.17999999999999
Vegas Golden Knights,2018-02-13,2,5,2,16.7,50.0,37.0,31.0,50.9,Chicago Blackhawks,vs,0.8,1.2,1.3,3.2,3.5,4.0,3.0,44.0,76.0,30.4,30.4,47.3
Vegas Golden Knights,2018-02-15,2,4,1,50.0,100.0,28.0,29.0,37.3,Edmonton Oilers,vs,1.2,1.2,1.3,3.8,3.5,3.4,3.1,34.0,76.0,33.0,29.6,47.86
Vegas Golden Knights,2018-02-17,2,6,3,50.0,50.0,34.0,33.0,45.9,Montréal Canadiens,vs,1.2,1.2,1.3,3.8,3.3,3.0,2.9,24.0,76.0,32.4,30.8,43.760000000000005
Vegas Golden Knights,2018-02-19,0,0,2,0.0,80.0,33.0,20.0,50.0,Anaheim Ducks,vs,1.6,1.4,1.3,4.2,3.8,2.6,3.0,27.339999999999996,66.0,34.2,29.8,43.98
Vegas Golden Knights,2018-02-21,2,7,3,50.0,0.0,26.0,31.0,52.1,Calgary Flames,vs,1.2,1.2,1.3,3.2,3.4,2.4,3.0,23.34,72.0,34.2,26.2,44.94
Vegas Golden Knights,2018-02-23,2,6,3,50.0,66.7,33.0,33.0,56.1,Vancouver Canucks,vs,1.6,1.2,1.3,4.4,3.8,2.2,3.1,33.339999999999996,56.0,31.6,28.8,47.239999999999995
Vegas Golden Knights,2018-02-26,1,2,3,0.0,50.0,39.0,44.0,50.8,Los Angeles Kings,@,1.6,1.4,1.3,4.6,4.2,2.4,2.9,40.0,59.339999999999996,30.8,29.2,48.28
Vegas Golden Knights,2018-02-27,0,1,4,0.0,83.3,42.0,30.0,59.4,Los Angeles Kings,vs,1.4,1.3,1.3,4.2,4.0,2.8,2.9,30.0,49.339999999999996,33.0,32.2,50.98
Vegas Golden Knights,2018-03-02,0,4,5,50.0,80.0,29.0,38.0,44.4,Ottawa Senators,vs,1.0,1.3,1.3,3.2,3.7,3.0,2.8,20.0,56.0,34.6,31.6,53.68000000000001
Vegas Golden Knights,2018-03-04,2,3,2,50.0,66.7,27.0,35.0,54.2,New Jersey Devils,@,1.0,1.1,1.2,4.0,3.6,3.6,3.0,30.0,56.0,33.8,35.2,52.56
Vegas Golden Knights,2018-03-06,0,1,4,0.0,100.0,38.0,21.0,47.7,Columbus Blue Jackets,@,1.0,1.3,1.25,3.2,3.8,3.4,2.8,30.0,69.34,34.0,36.0,52.98
Vegas Golden Knights,2018-03-08,2,4,0,0.0,100.0,32.0,28.0,56.3,Detroit Red Wings,@,0.6,1.1,1.15,2.2,3.4,3.6,3.0,20.0,76.0,35.0,33.6,51.3
Vegas Golden Knights,2018-03-10,2,1,1,0.0,100.0,34.0,32.0,32.2,Buffalo Sabres,@,0.8,1.1,1.15,2.6,3.4,3.0,2.9,20.0,86.0,33.6,30.4,52.4
Vegas Golden Knights,2018-03-12,2,3,2,100.0,75.0,29.0,40.0,40.0,Philadelphia Flyers,@,1.2,1.1,1.25,2.6,2.9,2.4,2.7,20.0,89.34,32.0,30.8,46.96
Vegas Golden Knights,2018-03-14,0,3,8,40.0,50.0,42.0,28.0,48.5,New Jersey Devils,vs,1.6,1.3,1.25,2.4,3.2,1.8,2.7,30.0,88.34,32.0,31.2,46.08
Vegas Golden Knights,2018-03-16,0,2,4,0.0,100.0,28.0,30.0,59.6,Minnesota Wild,vs,1.2,1.1,1.15,2.4,2.8,3.0,3.2,28.0,85.0,35.0,29.8,44.94
Vegas Golden Knights,2018-03-18,2,4,0,50.0,100.0,31.0,42.0,56.4,Calgary Flames,vs,1.2,0.9,1.15,2.6,2.4,3.0,3.3,28.0,85.0,33.0,31.6,47.32
Vegas Golden Knights,2018-03-20,2,4,1,0.0,100.0,28.0,30.0,36.7,Vancouver Canucks,vs,1.2,1.0,1.15,2.6,2.6,3.0,3.0,38.0,85.0,32.8,34.4,47.34
Vegas Golden Knights,2018-03-22,1,1,2,0.0,100.0,25.0,44.0,50.0,San Jose Sharks,@,1.2,1.2,1.25,3.2,2.9,3.0,2.7,38.0,85.0,31.6,34.0,48.239999999999995
Vegas Golden Knights,2018-03-24,1,1,1,0.0,75.0,40.0,30.0,52.9,Colorado Avalanche,@,1.0,1.3,1.2,2.8,2.6,3.0,2.4,18.0,90.0,30.8,34.8,50.239999999999995
Vegas Golden Knights,2018-03-26,2,4,1,50.0,100.0,30.0,29.0,57.7,Colorado Avalanche,vs,1.2,1.2,1.25,2.4,2.4,1.6,2.3,10.0,95.0,30.4,35.2,51.12
Vegas Golden Knights,2018-03-28,0,2,3,20.0,100.0,29.0,32.0,40.3,Arizona Coyotes,vs,1.6,1.4,1.25,2.8,2.7,1.0,2.0,20.0,95.0,30.8,35.0,50.74
Vegas Golden Knights,2018-03-30,2,4,3,0.0,100.0,26.0,24.0,40.4,St. Louis Blues,vs,1.2,1.2,1.15,2.4,2.5,1.6,2.3,14.0,95.0,30.4,33.0,47.519999999999996
Vegas Golden Knights,2018-03-31,2,3,2,0.0,100.0,38.0,31.0,55.9,San Jose Sharks,vs,1.2,1.2,1.15,2.4,2.8,2.0,2.5,14.0,95.0,30.0,31.8,48.26
Vegas Golden Knights,2018-04-03,2,4,4,25.0,50.0,39.0,25.0,37.1,Vancouver Canucks,@,1.4,1.2,1.25,2.8,2.8,2.0,2.5,14.0,95.0,32.6,29.2,49.440000000000005
Vegas Golden Knights,2018-04-05,0,3,4,0.0,66.7,33.0,33.0,52.8,Edmonton Oilers,@,1.6,1.4,1.25,3.4,2.9,2.6,2.1,19.0,90.0,32.4,28.2,46.28
Vegas Golden Knights,2018-04-07,0,1,7,0.0,80.0,27.0,31.0,45.2,Calgary Flames,@,1.2,1.4,1.15,3.2,3.0,3.2,2.1,9.0,83.34,33.0,29.0,45.3
Vegas Golden Knights,2018-10-04,0,2,5,0.0,75.0,25.0,25.0,48.2,Philadelphia Flyers,vs,1.2,1.2,1.1,3.0,2.7,4.0,2.8,5.0,79.34,32.6,28.8,46.28
Vegas Golden Knights,2018-10-06,2,1,1,0.0,100.0,42.0,30.0,50.0,Minnesota Wild,@,0.8,1.0,1.1,2.6,2.5,4.4,3.2,5.0,74.34,32.4,29.0,47.839999999999996
Vegas Golden Knights,2018-10-08,0,2,4,0.0,50.0,37.0,17.0,64.6,Buffalo Sabres,@,0.8,1.1,1.2,2.2,2.5,4.2,3.1,5.0,74.34,33.2,28.8,46.660000000000004
Vegas Golden Knights,2018-10-10,0,2,5,0.0,50.0,31.0,29.0,51.4,Washington Capitals,@,0.4,1.0,1.1,1.8,2.6,4.2,3.4,0.0,74.34,32.8,27.2,52.160000000000004
Vegas Golden Knights,2018-10-11,0,2,4,0.0,100.0,37.0,22.0,46.7,Pittsburgh Penguins,@,0.4,0.8,1.1,1.6,2.4,4.4,3.8,0.0,71.0,32.4,26.4,51.879999999999995
Vegas Golden Knights,2018-10-13,2,1,0,0.0,100.0,21.0,26.0,36.8,Philadelphia Flyers,@,0.4,0.8,1.0,1.8,2.4,3.8,3.9,0.0,75.0,34.4,24.6,52.17999999999999
Vegas Golden Knights,2018-10-16,2,4,1,33.3,100.0,29.0,27.0,52.3,Buffalo Sabres,vs,0.8,0.8,1.0,1.6,2.1,2.8,3.6,0.0,80.0,33.6,24.8,49.9
Vegas Golden Knights,2018-10-20,2,3,1,20.0,100.0,45.0,18.0,41.5,Anaheim Ducks,vs,0.8,0.8,1.0,2.2,2.2,2.8,3.5,6.659999999999999,80.0,31.0,24.2,50.36
Vegas Golden Knights,2018-10-24,1,2,2,0.0,100.0,35.0,26.0,50.8,Vancouver Canucks,vs,1.2,0.8,1.1,2.4,2.1,2.2,3.2,10.66,90.0,32.6,24.4,45.739999999999995
Vegas Golden Knights,2018-10-26,0,2,3,25.0,50.0,31.0,23.0,49.2,Tampa Bay Lightning,vs,1.4,0.9,1.15,2.4,2.0,1.6,3.0,10.66,100.0,33.4,23.8,45.62
Vegas Golden Knights,2018-10-28,2,4,3,20.0,50.0,53.0,22.0,52.1,Ottawa Senators,vs,1.4,0.9,1.05,2.4,2.1,1.4,2.6,15.66,90.0,32.2,24.0,46.12
Vegas Golden Knights,2018-10-30,0,1,4,25.0,100.0,24.0,28.0,41.5,Nashville Predators,@,1.4,1.1,1.05,3.0,2.3,2.0,2.4,19.66,80.0,38.6,23.2,49.18
Vegas Golden Knights,2018-11-01,0,3,5,33.3,66.7,34.0,26.0,42.4,St. Louis Blues,@,1.0,0.9,1.0,2.4,2.3,2.6,2.7,18.0,80.0,37.6,23.4,47.019999999999996
Vegas Golden Knights,2018-11-03,2,3,0,0.0,100.0,25.0,34.0,45.0,Carolina Hurricanes,vs,0.6,0.9,0.95,2.4,2.4,3.4,2.8,20.66,73.34,35.4,25.0,47.2
Vegas Golden Knights,2018-11-06,0,1,3,0.0,100.0,37.0,21.0,39.0,Toronto Maple Leafs,@,0.8,1.1,0.95,2.6,2.5,3.0,2.3,20.66,73.34,33.4,26.6,46.040000000000006
Vegas Golden Knights,2018-11-08,2,5,3,100.0,100.0,42.0,30.0,50.0,Ottawa Senators,@,0.8,1.1,0.95,2.4,2.4,3.0,2.2,15.66,83.34,34.6,26.2,44.0
Vegas Golden Knights,2018-11-10,0,4,5,66.7,100.0,38.0,27.0,60.9,Montréal Canadiens,@,0.8,1.1,0.95,2.6,2.8,3.0,2.5,31.660000000000004,93.34,32.4,27.8,43.58
Vegas Golden Knights,2018-11-11,0,1,4,0.0,85.7,38.0,37.0,41.8,Boston Bruins,@,0.8,0.9,0.85,3.2,2.8,3.2,2.9,40.0,93.34,35.2,27.6,47.46
Vegas Golden Knights,2018-11-14,2,5,0,16.7,100.0,25.0,29.0,40.7,Anaheim Ducks,vs,0.8,0.7,0.75,2.8,2.6,3.0,3.2,33.339999999999996,97.14,36.0,29.8,47.339999999999996
Vegas Golden Knights,2018-11-16,0,1,4,0.0,100.0,33.0,35.0,49.1,St. Louis Blues,vs,0.8,0.8,0.85,3.2,2.9,3.0,3.0,36.67999999999999,97.14,36.0,28.8,46.48
Vegas Golden Knights,2018-11-18,2,6,3,50.0,50.0,31.0,32.0,47.1,Edmonton Oilers,@,0.8,0.8,0.85,3.2,2.8,3.2,3.1,36.67999999999999,97.14,35.2,31.6,48.5
Vegas Golden Knights,2018-11-19,0,2,7,50.0,50.0,22.0,32.0,50.0,Calgary Flames,@,0.8,0.8,0.95,3.4,3.0,3.2,3.1,26.68,87.14,33.0,32.0,47.92
Vegas Golden Knights,2018-11-21,2,3,2,0.0,66.7,25.0,21.0,46.6,Arizona Coyotes,@,0.8,0.8,0.85,3.0,3.1,3.6,3.4,23.34,77.14,29.8,33.0,45.739999999999995
Vegas Golden Knights,2018-11-23,2,2,0,33.3,100.0,28.0,29.0,45.1,Calgary Flames,vs,1.2,1.0,0.95,3.4,3.1,3.2,3.1,23.34,73.34,27.2,29.8,46.7
Vegas Golden Knights,2018-11-24,2,6,0,16.7,100.0,36.0,33.0,43.3,San Jose Sharks,vs,1.2,1.0,1.05,2.8,3.0,3.2,3.1,26.660000000000004,73.34,27.8,29.8,47.580000000000005
Vegas Golden Knights,2018-11-27,2,8,3,33.3,100.0,43.0,24.0,56.9,Chicago Blackhawks,@,1.6,1.2,1.15,3.8,3.5,2.4,2.8,30.0,73.34,28.4,29.4,46.42
Vegas Golden Knights,2018-11-29,2,4,3,50.0,100.0,31.0,36.0,53.3,Vancouver Canucks,@,1.6,1.2,1.15,4.2,3.8,2.4,2.8,26.660000000000004,83.34,30.8,27.8,48.38
Vegas Golden Knights,2018-12-01,0,1,2,0.0,100.0,32.0,34.0,51.0,Edmonton Oilers,@,2.0,1.4,1.15,4.6,3.8,1.6,2.6,26.660000000000004,93.34,32.6,28.6,49.04
Vegas Golden Knights,2018-12-04,2,5,3,33.3,100.0,28.0,26.0,58.7,Washington Capitals,vs,1.6,1.4,1.05,4.2,3.8,1.6,2.4,26.660000000000004,100.0,34.0,31.2,49.92
Vegas Golden Knights,2018-12-06,2,4,3,50.0,100.0,36.0,35.0,39.0,Chicago Blackhawks,vs,1.6,1.4,1.1,4.8,3.8,2.2,2.7,26.660000000000004,100.0,34.0,30.6,52.64
Vegas Golden Knights,2018-12-08,0,1,5,0.0,0.0,30.0,25.0,50.0,Los Angeles Kings,@,1.6,1.6,1.2,4.4,4.1,2.8,2.6,33.32,100.0,34.0,31.0,51.779999999999994
Vegas Golden Knights,2018-12-09,2,4,2,20.0,50.0,28.0,24.0,50.0,Dallas Stars,vs,1.2,1.4,1.1,3.0,3.6,3.2,2.8,26.660000000000004,80.0,31.4,31.2,50.4
Vegas Golden Knights,2018-12-12,2,3,2,100.0,100.0,17.0,25.0,50.0,New York Islanders,@,1.2,1.6,1.2,3.0,3.8,3.0,2.3,20.66,70.0,30.8,28.8,49.74
Vegas Golden Knights,2018-12-14,1,4,5,33.3,80.0,22.0,42.0,42.9,New Jersey Devils,@,1.6,1.6,1.3,3.4,3.8,3.0,2.3,40.660000000000004,70.0,27.8,27.0,49.540000000000006
Vegas Golden Knights,2018-12-16,2,4,3,50.0,75.0,41.0,30.0,50.0,New York Rangers,@,1.4,1.5,1.25,3.2,4.0,3.4,2.8,40.66,66.0,26.6,30.2,46.379999999999995
Vegas Golden Knights,2018-12-17,0,0,1,0.0,100.0,28.0,31.0,36.7,Columbus Blue Jackets,@,1.4,1.5,1.35,3.2,3.8,3.4,3.1,40.660000000000004,61.0,27.6,29.2,48.58
Vegas Golden Knights,2018-12-20,2,4,2,50.0,100.0,47.0,21.0,50.0,New York Islanders,vs,1.4,1.3,1.25,3.0,3.0,2.6,2.9,40.660000000000004,81.0,27.2,30.4,45.92
Vegas Golden Knights,2018-12-22,1,3,4,0.0,100.0,26.0,47.0,54.2,Montréal Canadiens,vs,1.4,1.3,1.35,3.0,3.0,2.6,2.8,46.660000000000004,91.0,31.0,29.8,45.92
Vegas Golden Knights,2018-12-23,1,3,4,100.0,50.0,25.0,32.0,50.0,Los Angeles Kings,vs,1.2,1.4,1.4,3.0,3.2,3.0,3.0,26.660000000000004,91.0,32.8,34.2,46.760000000000005
Vegas Golden Knights,2018-12-27,2,2,1,0.0,75.0,43.0,32.0,56.1,Colorado Avalanche,vs,1.2,1.3,1.35,2.8,3.0,2.8,3.1,40.0,85.0,33.4,32.2,48.18000000000001
Vegas Golden Knights,2018-12-29,2,4,1,0.0,100.0,32.0,31.0,58.9,Los Angeles Kings,@,1.2,1.3,1.45,2.4,2.8,2.4,2.9,30.0,85.0,33.8,32.6,49.400000000000006
Vegas Golden Knights,2018-12-30,2,5,1,0.0,83.3,37.0,30.0,60.3,Arizona Coyotes,@,1.6,1.5,1.45,3.2,3.1,2.4,2.5,30.0,85.0,34.6,32.6,53.839999999999996
Vegas Golden Knights,2019-01-01,2,2,0,0.0,100.0,48.0,17.0,51.9,Los Angeles Kings,vs,1.6,1.5,1.55,3.4,3.2,2.2,2.4,20.0,81.66,32.6,34.4,55.9
Vegas Golden Knights,2019-01-04,2,3,2,0.0,66.7,42.0,27.0,55.8,Anaheim Ducks,@,1.8,1.5,1.55,3.2,3.1,1.4,2.2,20.0,81.66,37.0,28.4,55.44
Vegas Golden Knights,2019-01-06,2,3,2,0.0,100.0,28.0,38.0,56.7,New Jersey Devils,vs,2.0,1.6,1.55,3.2,3.0,1.0,1.9,0.0,85.0,40.4,27.4,56.6
Vegas Golden Knights,2019-01-08,2,4,2,33.3,100.0,31.0,29.0,49.2,New York Rangers,vs,2.0,1.6,1.55,3.4,2.9,1.2,1.8,0.0,90.0,37.4,28.6,56.71999999999999
Vegas Golden Knights,2019-01-10,0,2,3,0.0,100.0,38.0,27.0,48.3,San Jose Sharks,vs,2.0,1.8,1.55,3.4,3.3,1.4,1.9,6.659999999999999,90.0,37.2,28.2,54.78000000000001
Vegas Golden Knights,2019-01-12,2,4,3,0.0,50.0,34.0,23.0,51.8,Chicago Blackhawks,@,1.6,1.6,1.45,2.8,3.1,1.8,2.0,6.659999999999999,93.34,37.4,27.6,52.379999999999995
Vegas Golden Knights,2019-01-15,0,1,4,0.0,100.0,44.0,27.0,44.3,Winnipeg Jets,@,1.6,1.7,1.55,3.2,3.2,2.4,1.9,6.659999999999999,83.34,34.6,28.8,52.36
Vegas Golden Knights,2019-01-19,2,7,3,50.0,100.0,35.0,37.0,47.8,Pittsburgh Penguins,vs,1.2,1.6,1.45,2.8,3.0,2.8,1.9,6.659999999999999,90.0,35.0,28.8,50.06
Vegas Golden Knights,2019-01-21,0,2,4,20.0,100.0,32.0,22.0,56.5,Minnesota Wild,vs,1.2,1.6,1.45,3.6,3.5,3.0,2.1,16.66,90.0,36.4,28.6,48.279999999999994
Vegas Golden Knights,2019-01-23,0,1,2,0.0,100.0,48.0,27.0,50.8,Nashville Predators,vs,0.8,1.4,1.45,3.2,3.3,3.4,2.4,14.0,90.0,36.6,27.2,49.739999999999995
Vegas Golden Knights,2019-02-01,0,2,5,50.0,100.0,25.0,32.0,60.7,Carolina Hurricanes,@,0.8,1.2,1.35,3.0,2.9,3.2,2.5,14.0,90.0,38.6,27.2,50.239999999999995
Vegas Golden Knights,2019-02-02,0,1,3,0.0,100.0,35.0,25.0,50.0,Florida Panthers,@,0.4,1.0,1.25,2.6,2.9,3.6,3.0,24.0,100.0,36.8,29.0,52.02
Vegas Golden Knights,2019-02-05,2,2,2,0.0,80.0,37.0,26.0,41.5,Tampa Bay Lightning,@,0.4,0.8,1.2,2.6,2.7,3.4,3.1,24.0,100.0,35.0,28.6,53.160000000000004
Vegas Golden Knights,2019-02-07,2,4,3,50.0,75.0,32.0,39.0,46.4,Detroit Red Wings,@,0.4,0.8,1.2,1.6,2.6,3.2,3.1,14.0,96.0,35.4,26.4,51.9
Vegas Golden Knights,2019-02-09,0,3,4,0.0,50.0,23.0,33.0,47.5,Columbus Blue Jackets,vs,0.8,0.8,1.3,2.0,2.6,3.0,3.2,20.0,91.0,35.4,29.8,49.88
Vegas Golden Knights,2019-02-12,0,2,5,0.0,66.7,43.0,26.0,49.2,Arizona Coyotes,vs,0.8,0.8,1.2,2.4,2.7,3.4,3.3,20.0,81.0,30.4,31.0,49.22
Vegas Golden Knights,2019-02-14,0,3,6,0.0,66.7,33.0,43.0,52.9,Toronto Maple Leafs,vs,0.8,0.6,1.15,2.4,2.5,3.4,3.5,10.0,74.34,34.0,29.8,46.92
Vegas Golden Knights,2019-02-16,2,5,1,33.3,100.0,50.0,30.0,54.0,Nashville Predators,vs,0.8,0.6,1.1,2.8,2.7,4.0,3.7,10.0,67.68,33.6,33.4,47.5
Vegas Golden Knights,2019-02-18,0,0,3,0.0,100.0,40.0,38.0,68.9,Colorado Avalanche,@,0.8,0.6,1.1,3.4,2.5,3.8,3.5,16.66,71.68,36.2,34.2,50.0
Vegas Golden Knights,2019-02-20,1,2,2,0.0,100.0,33.0,27.0,47.6,Boston Bruins,vs,0.4,0.6,1.0,2.6,2.3,3.8,3.4,6.659999999999999,76.68,37.8,34.0,54.5
Vegas Golden Knights,2019-02-22,0,3,6,0.0,50.0,32.0,29.0,55.9,Winnipeg Jets,vs,0.6,0.7,0.95,2.4,2.4,3.4,3.4,6.659999999999999,86.68,39.8,32.8,54.52
Vegas Golden Knights,2019-02-26,2,4,1,33.3,50.0,48.0,24.0,50.0,Dallas Stars,vs,0.6,0.7,0.85,2.6,2.5,3.6,3.5,6.659999999999999,83.34,37.6,33.4,55.86
Vegas Golden Knights,2019-02-28,2,5,5,0.0,33.3,46.0,37.0,58.3,Florida Panthers,vs,1.0,0.9,0.85,2.8,2.8,2.6,3.3,13.319999999999999,80.0,40.6,29.6,55.279999999999994
Vegas Golden Knights,2019-03-01,2,3,0,50.0,100.0,34.0,34.0,58.2,Anaheim Ducks,@,1.0,0.9,0.85,2.8,3.1,3.4,3.6,6.659999999999999,66.66,39.8,31.0,56.14
Vegas Golden Knights,2019-03-03,2,3,0,0.0,80.0,48.0,19.0,52.6,Vancouver Canucks,vs,1.4,0.9,0.85,3.4,3.0,2.8,3.3,16.66,66.66,38.6,30.2,54.0
Vegas Golden Knights,2019-03-06,2,2,1,25.0,100.0,38.0,34.0,46.8,Calgary Flames,vs,1.6,1.1,0.95,3.6,3.0,2.4,2.9,16.66,62.65999999999999,41.6,28.6,55.0
Vegas Golden Knights,2019-03-09,2,6,2,0.0,100.0,33.0,31.0,50.9,Vancouver Canucks,@,2.0,1.3,0.95,3.4,3.0,1.4,2.5,21.66,72.66,42.8,29.6,53.17999999999999
Vegas Golden Knights,2019-03-10,0,3,6,0.0,50.0,28.0,35.0,48.4,Calgary Flames,@,2.0,1.5,1.05,3.8,3.3,1.6,2.1,15.0,82.66,39.8,31.0,53.36
Vegas Golden Knights,2019-03-15,2,2,1,0.0,100.0,37.0,41.0,58.3,Dallas Stars,@,1.6,1.3,0.95,3.4,3.1,1.8,2.6,15.0,86.0,36.2,30.6,51.379999999999995
Vegas Golden Knights,2019-03-17,2,6,3,0.0,0.0,34.0,19.0,57.6,Edmonton Oilers,vs,1.6,1.5,1.05,3.2,3.3,2.0,2.4,5.0,86.0,36.8,32.0,51.4
Vegas Golden Knights,2019-03-18,2,7,3,50.0,80.0,42.0,39.0,50.9,San Jose Sharks,@,1.6,1.6,1.15,3.8,3.7,2.6,2.5,5.0,70.0,34.0,32.0,52.4
Vegas Golden Knights,2019-03-21,2,5,0,0.0,100.0,38.0,20.0,51.9,Winnipeg Jets,vs,1.6,1.8,1.25,4.8,4.1,3.0,2.2,10.0,66.0,34.8,33.0,53.21999999999999
Vegas Golden Knights,2019-03-23,1,2,3,0.0,50.0,30.0,30.0,45.8,Detroit Red Wings,vs,1.6,1.8,1.35,4.6,4.2,2.6,2.1,10.0,66.0,35.8,30.8,53.42
Vegas Golden Knights,2019-03-25,0,1,3,100.0,100.0,25.0,22.0,50.0,St. Louis Blues,@,1.8,1.7,1.3,4.4,3.9,2.0,1.9,10.0,66.0,36.2,29.8,52.9
Vegas Golden Knights,2019-03-27,0,3,4,0.0,50.0,37.0,30.0,48.6,Colorado Avalanche,@,1.4,1.5,1.2,4.2,3.7,2.4,2.2,30.0,66.0,33.8,26.0,51.239999999999995
Vegas Golden Knights,2019-03-29,0,2,3,0.0,50.0,37.0,32.0,48.1,Minnesota Wild,vs,1.0,1.3,1.2,3.6,3.7,2.6,2.6,30.0,76.0,34.4,28.2,49.44
Vegas Golden Knights,2019-03-30,1,3,4,0.0,66.7,26.0,34.0,52.5,San Jose Sharks,@,0.6,1.1,1.2,2.6,3.7,2.6,2.8,20.0,70.0,33.4,26.8,48.879999999999995
Vegas Golden Knights,2019-04-01,2,3,1,0.0,100.0,31.0,19.0,53.7,Edmonton Oilers,vs,0.4,1.0,1.25,2.2,3.4,3.4,3.0,20.0,63.339999999999996,31.0,29.6,49.0
Vegas Golden Knights,2019-04-04,0,1,4,0.0,100.0,38.0,41.0,54.2,Arizona Coyotes,vs,0.6,1.2,1.25,2.4,3.4,3.0,2.5,20.0,73.34,31.2,27.4,50.58
Vegas Golden Knights,2019-04-06,0,2,5,0.0,66.7,31.0,32.0,53.3,Los Angeles Kings,@,0.6,1.0,1.25,2.4,3.3,3.2,2.8,0.0,73.34,33.8,31.2,51.42
Vegas Golden Knights,2019-10-02,2,4,1,25.0,100.0,35.0,22.0,52.8,San Jose Sharks,vs,0.6,0.8,1.2,2.2,2.9,3.4,3.0,0.0,76.67999999999999,32.6,31.6,52.36
Vegas Golden Knights,2019-10-04,2,5,1,0.0,100.0,29.0,35.0,36.8,San Jose Sharks,@,1.0,0.8,1.3,2.6,2.6,3.0,2.8,5.0,86.67999999999999,32.2,29.6,53.3
Vegas Golden Knights,2019-10-08,0,3,4,66.7,66.7,34.0,35.0,43.8,Boston Bruins,vs,1.2,0.8,1.3,3.0,2.6,2.4,2.9,5.0,93.34,32.8,29.8,50.16
Vegas Golden Knights,2019-10-10,0,1,4,0.0,100.0,38.0,29.0,47.3,Arizona Coyotes,@,0.8,0.7,1.2,3.0,2.7,3.0,3.0,18.34,86.68,33.4,33.0,48.17999999999999
Vegas Golden Knights,2019-10-12,2,6,2,0.0,100.0,30.0,35.0,38.6,Calgary Flames,vs,0.8,0.7,1.1,3.0,2.7,3.0,3.1,18.34,86.68,33.4,30.6,46.8
Vegas Golden Knights,2019-10-13,2,5,2,100.0,100.0,36.0,38.0,61.5,Los Angeles Kings,@,1.2,0.9,1.1,3.8,3.0,2.4,2.9,18.34,93.34,33.2,31.2,43.86
Vegas Golden Knights,2019-10-15,0,2,5,25.0,80.0,35.0,39.0,51.4,Nashville Predators,vs,1.2,1.1,1.1,4.0,3.3,2.6,2.8,33.339999999999996,93.34,33.4,34.4,45.6
Vegas Golden Knights,2019-10-17,2,2,2,33.3,100.0,54.0,39.0,52.0,Ottawa Senators,vs,0.8,1.0,1.0,3.4,3.2,3.4,2.9,38.339999999999996,89.34,34.6,35.2,48.519999999999996
Vegas Golden Knights,2019-10-19,2,3,0,33.3,100.0,24.0,29.0,52.5,Pittsburgh Penguins,@,1.2,1.0,1.1,3.2,3.1,3.0,3.0,31.660000000000004,96.0,38.6,36.0,50.160000000000004
Vegas Golden Knights,2019-10-21,0,2,6,20.0,60.0,35.0,37.0,43.3,Philadelphia Flyers,@,1.6,1.2,1.1,3.6,3.3,2.2,2.6,38.32,96.0,35.8,36.0,51.2
Vegas Golden Knights,2019-10-22,2,1,1,0.0,100.0,34.0,32.0,46.3,Chicago Blackhawks,@,1.2,1.2,1.0,2.8,3.3,3.0,2.7,42.32,88.0,36.8,36.4,52.14
Vegas Golden Knights,2019-10-25,0,1,6,0.0,66.7,26.0,40.0,52.4,Colorado Avalanche,vs,1.2,1.2,1.0,2.0,3.0,2.8,2.7,22.32,88.0,36.4,35.2,49.1
Vegas Golden Knights,2019-10-27,2,5,2,50.0,100.0,49.0,15.0,48.3,Anaheim Ducks,vs,1.2,1.0,0.9,1.8,2.6,3.0,3.2,17.32,85.34,34.6,35.4,49.3
Vegas Golden Knights,2019-10-31,1,4,5,0.0,100.0,35.0,29.0,50.0,Montréal Canadiens,vs,1.2,1.2,0.95,2.4,2.8,3.0,3.0,20.66,85.34,33.6,30.6,48.559999999999995
Vegas Golden Knights,2019-11-02,1,3,4,33.3,75.0,26.0,39.0,61.3,Winnipeg Jets,vs,1.0,1.3,1.0,2.6,3.1,4.0,3.1,14.0,85.34,35.8,30.6,48.059999999999995
Vegas Golden Knights,2019-11-05,2,2,1,0.0,100.0,25.0,30.0,42.6,Columbus Blue Jackets,@,1.2,1.2,1.05,2.8,2.8,3.6,3.3,16.66,88.34,34.0,31.0,51.660000000000004
Vegas Golden Knights,2019-11-07,1,1,2,0.0,83.3,38.0,37.0,46.3,Toronto Maple Leafs,@,1.2,1.2,1.15,3.0,2.5,3.6,3.2,16.66,88.34,32.2,30.6,50.92
Vegas Golden Knights,2019-11-09,0,2,5,25.0,83.3,32.0,34.0,46.8,Washington Capitals,@,1.4,1.3,1.15,3.0,2.4,2.8,2.9,16.66,91.66,34.6,30.0,49.7
Vegas Golden Knights,2019-11-10,0,2,3,0.0,50.0,19.0,19.0,50.9,Detroit Red Wings,@,1.0,1.1,1.05,2.4,2.4,3.4,3.2,11.66,88.32000000000001,31.2,33.8,49.4
Vegas Golden Knights,2019-11-13,0,3,5,50.0,100.0,42.0,26.0,52.6,Chicago Blackhawks,vs,0.8,0.9,1.05,2.0,2.3,3.0,3.5,11.66,78.32000000000001,28.0,31.8,49.58
Vegas Golden Knights,2019-11-16,0,3,4,0.0,50.0,31.0,25.0,50.8,Los Angeles Kings,@,0.6,0.9,1.05,2.0,2.4,3.2,3.4,15.0,83.32000000000001,31.2,29.2,47.839999999999996
Vegas Golden Knights,2019-11-17,2,6,0,33.3,100.0,37.0,34.0,58.6,Calgary Flames,vs,0.2,0.7,0.95,2.2,2.6,3.8,3.7,15.0,73.32000000000001,32.4,28.2,49.48
Vegas Golden Knights,2019-11-19,2,4,2,100.0,50.0,37.0,33.0,46.2,Toronto Maple Leafs,vs,0.4,0.9,0.95,3.2,3.1,3.4,3.1,21.66,76.66,32.2,27.6,51.94
Vegas Golden Knights,2019-11-21,1,1,2,0.0,100.0,38.0,29.0,52.6,San Jose Sharks,vs,0.8,0.9,1.05,3.6,3.0,2.8,3.1,36.660000000000004,70.0,33.2,27.4,51.82000000000001
Vegas Golden Knights,2019-11-23,0,2,4,20.0,66.7,27.0,31.0,50.9,Edmonton Oilers,vs,1.0,0.9,1.1,3.4,2.7,2.6,2.8,36.660000000000004,80.0,37.0,29.4,52.160000000000004
Vegas Golden Knights,2019-11-25,0,2,4,0.0,33.3,28.0,28.0,53.9,Dallas Stars,@,1.0,0.8,1.0,3.2,2.6,2.4,2.8,30.660000000000004,73.34,34.0,30.4,51.82000000000001
Vegas Golden Knights,2019-11-27,2,4,3,0.0,100.0,30.0,34.0,48.3,Nashville Predators,@,1.0,0.6,0.9,3.0,2.6,2.4,3.1,30.660000000000004,70.0,33.4,31.0,52.44
Vegas Golden Knights,2019-11-29,2,1,1,20.0,100.0,38.0,36.0,54.4,Arizona Coyotes,vs,1.0,0.7,1.0,2.6,2.9,3.0,3.2,24.0,70.0,32.0,31.0,50.379999999999995
Vegas Golden Knights,2019-12-02,2,4,1,100.0,100.0,32.0,30.0,55.8,New York Rangers,@,1.0,0.9,1.0,2.0,2.8,2.8,2.8,8.0,80.0,32.2,31.6,52.02
Vegas Golden Knights,2019-12-03,2,4,3,33.3,100.0,30.0,35.0,53.7,New Jersey Devils,@,1.2,1.1,1.0,2.6,3.0,2.6,2.6,28.0,80.0,31.0,31.8,52.65999999999999
Vegas Golden Knights,2019-12-05,1,2,3,0.0,50.0,33.0,31.0,42.6,New York Islanders,@,1.6,1.3,1.1,3.0,3.1,2.4,2.4,30.660000000000004,86.66,31.6,32.6,53.220000000000006
Vegas Golden Knights,2019-12-08,0,0,5,0.0,60.0,38.0,25.0,60.7,New York Rangers,vs,1.8,1.4,1.05,3.0,3.0,2.2,2.3,30.660000000000004,90.0,32.6,33.2,50.96
Vegas Golden Knights,2019-12-10,2,5,1,50.0,75.0,37.0,29.0,50.8,Chicago Blackhawks,vs,1.4,1.2,1.05,2.2,2.4,2.6,2.8,30.660000000000004,82.0,34.2,31.4,53.44
Vegas Golden Knights,2019-12-12,0,2,4,0.0,80.0,29.0,29.0,54.8,St. Louis Blues,@,1.4,1.2,1.05,3.0,2.5,2.6,2.7,36.660000000000004,77.0,34.0,30.0,52.720000000000006
Vegas Golden Knights,2019-12-13,2,3,2,0.0,100.0,32.0,30.0,48.4,Dallas Stars,@,1.0,1.1,1.0,2.6,2.6,3.2,2.9,16.66,73.0,33.4,29.8,52.52
Vegas Golden Knights,2019-12-15,2,6,3,50.0,50.0,46.0,29.0,42.7,Vancouver Canucks,vs,1.0,1.3,1.05,2.4,2.7,3.0,2.7,10.0,73.0,33.8,28.8,51.46
Vegas Golden Knights,2019-12-17,2,3,2,0.0,80.0,29.0,26.0,56.4,Minnesota Wild,vs,1.2,1.5,1.05,3.2,3.1,3.0,2.6,20.0,73.0,36.4,28.4,51.48
Vegas Golden Knights,2019-12-19,1,4,5,0.0,80.0,43.0,34.0,39.7,Vancouver Canucks,@,1.6,1.5,1.1,3.8,3.0,2.4,2.5,20.0,77.0,34.6,28.6,50.62
Vegas Golden Knights,2019-12-22,2,3,1,0.0,100.0,37.0,38.0,49.2,San Jose Sharks,@,1.4,1.4,1.15,3.6,3.3,3.2,2.9,10.0,78.0,35.8,29.6,48.4
Vegas Golden Knights,2019-12-23,0,3,7,0.0,60.0,32.0,38.0,47.9,Colorado Avalanche,vs,1.8,1.4,1.25,3.8,3.2,2.6,2.9,10.0,82.0,37.4,31.4,47.28
Vegas Golden Knights,2019-12-27,0,3,4,0.0,33.3,29.0,18.0,39.5,Anaheim Ducks,@,1.4,1.2,1.25,3.8,3.1,3.6,3.3,10.0,74.0,37.4,33.0,47.18
Vegas Golden Knights,2019-12-28,2,4,1,66.7,100.0,36.0,28.0,50.9,Arizona Coyotes,vs,1.0,1.1,1.25,3.2,3.2,3.8,3.4,0.0,70.66,34.0,30.8,46.540000000000006
Vegas Golden Knights,2019-12-31,2,5,2,0.0,100.0,43.0,28.0,50.9,Anaheim Ducks,vs,1.0,1.3,1.25,3.4,3.6,3.6,3.0,13.34,74.66,35.4,31.2,45.44
Vegas Golden Knights,2020-01-02,2,5,4,100.0,66.7,33.0,38.0,46.8,Philadelphia Flyers,vs,1.2,1.3,1.25,3.6,3.6,3.0,3.1,13.34,78.66,35.4,30.0,47.68
Vegas Golden Knights,2020-01-04,2,5,4,0.0,33.3,33.0,31.0,36.8,St. Louis Blues,vs,1.2,1.5,1.3,4.0,3.9,3.6,3.1,33.339999999999996,72.0,34.6,30.0,47.2
Vegas Golden Knights,2020-01-07,0,3,4,33.3,50.0,34.0,16.0,47.6,Pittsburgh Penguins,vs,1.6,1.5,1.4,4.4,4.1,3.0,3.3,33.339999999999996,66.66,34.8,28.6,44.98
Vegas Golden Knights,2020-01-09,0,2,5,0.0,0.0,46.0,23.0,57.8,Los Angeles Kings,vs,1.6,1.3,1.4,4.4,3.8,3.0,3.4,40.0,70.0,35.8,28.2,46.6
Vegas Golden Knights,2020-01-11,0,0,3,0.0,50.0,27.0,22.0,56.0,Columbus Blue Jackets,vs,1.2,1.1,1.3,4.0,3.7,3.8,3.7,26.660000000000004,50.0,37.8,27.2,47.980000000000004
Vegas Golden Knights,2020-01-14,0,2,4,33.3,33.3,26.0,26.0,46.2,Buffalo Sabres,@,0.8,1.0,1.2,3.0,3.3,4.0,3.5,26.660000000000004,40.0,34.6,26.0,49.0
Vegas Golden Knights,2020-01-16,2,4,2,0.0,75.0,43.0,35.0,50.0,Ottawa Senators,@,0.4,0.8,1.1,2.4,3.2,4.0,3.8,13.319999999999999,33.32,33.2,23.6,48.879999999999995
Vegas Golden Knights,2020-01-18,1,4,4,0.0,100.0,34.0,32.0,49.1,Montréal Canadiens,@,0.4,1.0,1.1,2.2,3.3,3.6,3.3,13.319999999999999,41.660000000000004,35.2,24.4,51.52
Vegas Golden Knights,2020-01-21,0,2,3,50.0,100.0,29.0,37.0,45.1,Boston Bruins,@,0.6,1.1,1.1,2.4,3.4,3.6,3.3,6.659999999999999,51.660000000000004,35.2,27.6,51.81999999999999
Vegas Golden Knights,2020-01-31,2,4,3,33.3,50.0,37.0,25.0,53.3,Carolina Hurricanes,@,0.6,0.9,1.1,2.4,3.2,3.2,3.5,16.66,71.66,31.8,30.4,49.28
Vegas Golden Knights,2020-02-01,2,3,0,0.0,100.0,39.0,19.0,51.9,Nashville Predators,@,1.0,0.9,1.1,3.2,3.1,3.2,3.6,23.32,71.66,33.8,31.0,48.739999999999995
Vegas Golden Knights,2020-02-04,0,2,4,0.0,100.0,29.0,18.0,40.6,Tampa Bay Lightning,@,1.4,0.9,1.2,3.4,2.9,2.4,3.2,16.66,85.0,36.4,29.6,49.88
Vegas Golden Knights,2020-02-06,2,7,2,20.0,66.7,39.0,25.0,46.6,Florida Panthers,@,1.0,0.7,1.1,3.0,2.6,2.8,3.2,16.66,90.0,33.6,26.2,48.0
Vegas Golden Knights,2020-02-08,1,5,5,0.0,50.0,38.0,34.0,52.9,Carolina Hurricanes,vs,1.2,0.9,1.1,3.6,3.0,2.4,3.0,20.66,83.34,34.6,24.8,47.5
Vegas Golden Knights,2020-02-11,0,0,4,0.0,40.0,26.0,25.0,55.7,Minnesota Wild,@,1.4,1.0,1.05,4.2,3.3,2.8,3.0,10.66,73.34,36.4,24.2,49.06
Vegas Golden Knights,2020-02-13,2,6,5,80.0,100.0,52.0,24.0,55.9,St. Louis Blues,vs,1.0,1.0,1.0,3.4,3.3,3.0,3.1,4.0,71.34,34.2,24.2,49.54
Vegas Golden Knights,2020-02-15,2,1,0,0.0,100.0,43.0,19.0,43.8,New York Islanders,vs,1.0,1.2,1.0,4.0,3.7,4.0,3.2,20.0,71.34,36.8,25.2,50.34
Vegas Golden Knights,2020-02-17,2,3,2,0.0,66.7,29.0,27.0,62.5,Washington Capitals,vs,1.4,1.2,1.1,3.8,3.4,3.2,3.0,20.0,71.34,39.6,25.4,50.980000000000004
Vegas Golden Knights,2020-02-20,2,5,3,25.0,50.0,33.0,27.0,54.7,Tampa Bay Lightning,vs,1.4,1.3,1.2,3.0,3.3,3.2,2.8,16.0,71.34,37.6,25.8,54.160000000000004
Vegas Golden Knights,2020-02-22,2,5,3,0.0,66.7,39.0,35.0,47.9,Florida Panthers,vs,1.6,1.5,1.2,3.0,3.6,2.8,2.8,21.0,71.34,36.6,24.4,54.52
Vegas Golden Knights,2020-02-23,2,6,5,0.0,100.0,28.0,30.0,44.6,Anaheim Ducks,@,2.0,1.5,1.2,4.0,3.7,2.6,2.8,21.0,76.68,39.2,26.4,52.96
Vegas Golden Knights,2020-02-26,2,3,0,33.3,100.0,33.0,29.0,52.3,Edmonton Oilers,vs,2.0,1.5,1.2,4.0,4.0,2.6,3.3,5.0,76.68,34.4,27.6,50.7
Vegas Golden Knights,2020-02-28,2,4,2,20.0,100.0,28.0,34.0,67.9,Buffalo Sabres,vs,2.0,1.7,1.2,4.4,4.1,2.6,2.9,11.66,76.68,32.4,29.6,52.4
Vegas Golden Knights,2020-03-01,0,1,4,25.0,0.0,43.0,17.0,48.2,Los Angeles Kings,vs,2.0,1.7,1.3,4.6,3.8,2.6,2.9,15.66,83.34,32.2,31.0,53.48
Vegas Golden Knights,2020-03-03,2,3,0,0.0,100.0,32.0,27.0,56.7,New Jersey Devils,vs,1.6,1.6,1.3,3.8,3.4,2.8,2.8,15.66,73.34,34.2,29.0,52.17999999999999
Vegas Golden Knights,2020-03-06,0,0,4,0.0,0.0,29.0,24.0,45.8,Winnipeg Jets,@,1.6,1.8,1.4,3.4,3.7,2.2,2.4,15.66,80.0,32.8,27.4,53.94000000000001
Vegas Golden Knights,2020-03-08,2,5,3,100.0,0.0,32.0,22.0,50.8,Calgary Flames,@,1.2,1.6,1.4,2.2,3.1,2.0,2.3,15.66,60.0,33.0,26.2,54.17999999999999
Vegas Golden Knights,2020-03-09,2,3,2,50.0,80.0,48.0,24.0,46.0,Edmonton Oilers,@,1.2,1.6,1.4,2.6,3.5,2.6,2.6,29.0,40.0,32.8,24.8,53.879999999999995
Vegas Golden Knights,2021-01-14,2,5,2,0.0,100.0,29.0,22.0,42.1,Anaheim Ducks,vs,1.2,1.6,1.45,2.4,3.5,2.6,2.6,35.0,36.0,36.8,22.8,49.5
Vegas Golden Knights,2021-01-16,2,2,1,0.0,100.0,33.0,22.0,50.0,Anaheim Ducks,vs,1.6,1.6,1.55,3.2,3.5,2.2,2.5,30.0,56.0,34.0,23.8,48.28
Vegas Golden Knights,2021-01-18,2,4,2,0.0,80.0,28.0,32.0,48.6,Arizona Coyotes,vs,1.6,1.6,1.55,3.0,3.2,2.4,2.3,30.0,56.0,34.2,22.8,46.94
Vegas Golden Knights,2021-01-20,2,5,2,14.3,100.0,29.0,23.0,51.9,Arizona Coyotes,vs,2.0,1.6,1.55,3.8,3.0,2.0,2.0,30.0,72.0,34.0,24.4,47.5
Vegas Golden Knights,2021-01-22,0,2,5,25.0,66.7,31.0,26.0,59.2,Arizona Coyotes,@,2.0,1.6,1.65,3.8,3.2,1.8,2.2,12.86,92.0,33.4,24.6,47.72
Vegas Golden Knights,2021-01-24,2,1,0,0.0,100.0,27.0,16.0,61.4,Arizona Coyotes,@,1.6,1.4,1.55,3.6,3.0,2.4,2.5,7.859999999999999,89.34,30.0,25.0,50.36
Vegas Golden Knights,2021-01-26,1,4,4,16.7,80.0,46.0,25.0,47.0,St. Louis Blues,vs,1.6,1.6,1.6,2.8,3.0,2.0,2.1,7.859999999999999,89.34,29.6,23.8,54.220000000000006
Vegas Golden Knights,2021-02-05,2,5,2,25.0,50.0,36.0,29.0,53.9,Los Angeles Kings,vs,1.4,1.5,1.65,3.2,3.1,2.6,2.5,11.2,85.34,32.2,24.4,53.620000000000005
Vegas Golden Knights,2021-02-07,2,4,3,50.0,100.0,33.0,32.0,41.8,Los Angeles Kings,vs,1.4,1.7,1.65,3.4,3.6,2.6,2.3,16.2,79.34,33.8,23.8,54.67999999999999
Vegas Golden Knights,2021-02-09,2,5,4,0.0,50.0,31.0,23.0,40.4,Anaheim Ducks,vs,1.4,1.7,1.65,3.2,3.5,2.8,2.3,23.34,79.34,34.6,25.6,52.660000000000004
Vegas Golden Knights,2021-02-11,0,0,1,0.0,100.0,21.0,28.0,44.4,Anaheim Ducks,vs,1.8,1.7,1.65,3.8,3.7,2.6,2.5,18.34,76.0,34.6,25.0,48.9
Vegas Golden Knights,2021-02-13,2,3,1,60.0,100.0,26.0,25.0,59.3,San Jose Sharks,@,1.4,1.5,1.55,3.6,3.2,2.8,2.4,18.34,76.0,33.4,27.4,45.5
Vegas Golden Knights,2021-02-14,2,1,0,0.0,100.0,24.0,30.0,44.2,Colorado Avalanche,vs,1.6,1.5,1.55,3.4,3.3,2.2,2.4,27.0,80.0,29.4,27.4,47.96
Vegas Golden Knights,2021-02-16,0,2,3,50.0,100.0,29.0,25.0,50.9,Colorado Avalanche,vs,1.6,1.5,1.55,2.6,3.0,1.8,2.2,22.0,90.0,27.0,27.6,46.019999999999996
Vegas Golden Knights,2021-02-20,0,2,3,0.0,100.0,29.0,39.0,49.4,Colorado Avalanche,@,1.2,1.3,1.45,2.2,2.7,1.8,2.3,22.0,90.0,26.2,26.2,47.839999999999996
Vegas Golden Knights,2021-02-22,2,3,0,33.3,100.0,28.0,34.0,44.2,Colorado Avalanche,@,0.8,1.3,1.35,1.6,2.7,1.6,2.1,22.0,100.0,25.8,29.4,49.64
Vegas Golden Knights,2021-02-27,2,3,2,0.0,100.0,27.0,30.0,42.4,Anaheim Ducks,@,1.2,1.3,1.45,2.2,2.9,1.4,2.1,28.660000000000004,100.0,27.2,30.6,49.6
Vegas Golden Knights,2021-03-01,2,5,4,66.7,80.0,39.0,30.0,60.3,Minnesota Wild,vs,1.2,1.4,1.45,2.2,2.8,1.6,1.9,16.66,100.0,27.4,31.6,46.22
Vegas Golden Knights,2021-03-03,2,5,1,0.0,100.0,28.0,37.0,54.2,Minnesota Wild,vs,1.2,1.4,1.55,3.0,2.8,2.4,2.1,30.0,96.0,30.4,31.6,49.44
Vegas Golden Knights,2021-03-05,2,5,4,0.0,80.0,27.0,29.0,57.1,San Jose Sharks,@,1.6,1.4,1.55,3.6,2.9,2.0,1.9,20.0,96.0,30.2,34.0,50.1
Vegas Golden Knights,2021-03-06,2,4,0,0.0,100.0,32.0,24.0,53.2,San Jose Sharks,@,2.0,1.4,1.55,4.2,2.9,2.2,1.9,20.0,92.0,29.8,32.0,51.64
Vegas Golden Knights,2021-03-08,0,0,2,0.0,100.0,26.0,21.0,57.4,Minnesota Wild,@,2.0,1.6,1.55,4.4,3.3,2.2,1.8,13.34,92.0,30.6,30.0,53.44
Vegas Golden Knights,2021-03-10,0,3,4,0.0,50.0,27.0,31.0,49.2,Minnesota Wild,@,1.6,1.4,1.45,3.8,3.0,2.2,1.9,13.34,92.0,30.4,28.2,56.44
Vegas Golden Knights,2021-03-12,2,5,4,25.0,33.3,40.0,23.0,50.8,St. Louis Blues,@,1.2,1.2,1.35,3.4,3.2,2.2,2.3,0.0,86.0,28.0,28.4,54.220000000000006
Vegas Golden Knights,2021-03-13,2,5,1,0.0,100.0,26.0,35.0,50.9,St. Louis Blues,@,1.2,1.4,1.35,3.4,3.5,2.8,2.4,5.0,72.66,30.4,25.6,53.54
Vegas Golden Knights,2021-03-15,2,2,1,33.3,100.0,36.0,24.0,48.3,San Jose Sharks,vs,1.2,1.6,1.45,3.4,3.8,2.2,2.2,5.0,76.66,30.2,26.8,52.3
Vegas Golden Knights,2021-03-17,2,5,4,40.0,66.7,37.0,33.0,55.4,San Jose Sharks,vs,1.2,1.6,1.45,3.0,3.7,2.4,2.3,11.66,76.66,31.0,26.8,51.31999999999999
Vegas Golden Knights,2021-03-19,2,4,2,0.0,100.0,33.0,25.0,43.4,Los Angeles Kings,@,1.6,1.6,1.5,4.0,3.9,2.8,2.5,19.66,70.0,33.2,29.2,50.92
Vegas Golden Knights,2021-03-21,0,1,3,0.0,50.0,42.0,31.0,41.5,Los Angeles Kings,@,2.0,1.6,1.5,4.2,3.8,2.4,2.3,19.66,80.0,34.4,28.0,49.76
Vegas Golden Knights,2021-03-22,2,5,1,66.7,100.0,35.0,16.0,47.5,St. Louis Blues,vs,1.6,1.4,1.4,3.4,3.4,2.2,2.5,14.66,83.34,34.8,29.6,47.9
Vegas Golden Knights,2021-03-25,0,1,5,0.0,75.0,19.0,32.0,56.7,Colorado Avalanche,@,1.6,1.4,1.4,3.4,3.4,2.2,2.2,28.0,83.34,36.6,25.8,47.22
Vegas Golden Knights,2021-03-27,2,3,2,25.0,100.0,34.0,24.0,37.0,Colorado Avalanche,@,1.2,1.2,1.4,3.2,3.1,3.0,2.7,21.34,78.34,33.2,27.4,48.9
Vegas Golden Knights,2021-03-29,2,4,1,33.3,100.0,24.0,25.0,40.5,Los Angeles Kings,vs,1.2,1.4,1.4,2.8,3.4,2.6,2.7,18.34,85.0,32.6,25.6,45.220000000000006
Vegas Golden Knights,2021-03-31,0,2,4,0.0,100.0,42.0,30.0,50.9,Los Angeles Kings,vs,1.2,1.6,1.4,2.8,3.5,2.4,2.4,25.0,85.0,30.8,25.6,44.64
Vegas Golden Knights,2021-04-01,1,2,2,0.0,66.7,37.0,37.0,50.9,Minnesota Wild,vs,1.2,1.4,1.4,3.0,3.2,2.6,2.4,25.0,95.0,30.8,25.4,46.52
Vegas Golden Knights,2021-04-03,0,1,2,0.0,66.7,28.0,27.0,50.0,Minnesota Wild,vs,1.0,1.3,1.45,2.4,2.9,2.8,2.5,11.66,88.34,31.2,29.6,47.2
Vegas Golden Knights,2021-04-05,2,6,1,0.0,100.0,33.0,32.0,42.4,St. Louis Blues,@,1.0,1.1,1.35,2.4,2.8,2.2,2.6,11.66,86.68,33.0,28.6,45.86
Vegas Golden Knights,2021-04-07,0,1,3,0.0,100.0,51.0,35.0,48.3,St. Louis Blues,@,1.0,1.1,1.35,3.0,2.9,2.0,2.3,6.659999999999999,86.68,32.8,30.2,46.94
Vegas Golden Knights,2021-04-09,2,7,4,50.0,50.0,37.0,26.0,50.9,Arizona Coyotes,vs,0.6,0.9,1.25,2.4,2.6,2.4,2.4,0.0,86.68,38.2,32.2,48.5
Vegas Golden Knights,2021-04-11,2,1,0,0.0,100.0,29.0,14.0,65.3,Arizona Coyotes,vs,1.0,1.1,1.25,3.4,3.2,2.4,2.5,10.0,76.68,37.2,31.4,48.5
Vegas Golden Knights,2021-04-12,2,4,2,50.0,100.0,41.0,28.0,49.1,Los Angeles Kings,@,1.2,1.1,1.25,3.2,2.8,2.0,2.4,10.0,83.34,35.6,26.8,51.379999999999995
Vegas Golden Knights,2021-04-14,2,6,2,0.0,0.0,32.0,22.0,53.6,Los Angeles Kings,@,1.6,1.3,1.25,3.8,3.1,2.0,2.1,20.0,90.0,38.2,27.0,51.2
Vegas Golden Knights,2021-04-16,2,4,0,0.0,100.0,51.0,16.0,50.0,Anaheim Ducks,@,1.6,1.3,1.35,3.8,3.4,2.2,2.1,20.0,70.0,38.0,25.0,53.44
Vegas Golden Knights,2021-04-18,2,5,2,33.3,100.0,29.0,35.0,43.9,Anaheim Ducks,@,2.0,1.3,1.45,4.4,3.4,1.6,2.0,20.0,70.0,38.0,21.2,53.779999999999994
Vegas Golden Knights,2021-04-19,2,2,2,40.0,100.0,40.0,31.0,52.5,San Jose Sharks,vs,2.0,1.5,1.45,4.0,3.7,1.2,1.8,16.66,80.0,36.4,23.0,52.38000000000001
Vegas Golden Knights,2021-04-21,2,5,2,33.3,100.0,40.0,33.0,42.4,San Jose Sharks,vs,2.0,1.6,1.45,4.2,3.7,1.6,1.8,24.66,80.0,38.6,26.4,49.82
Vegas Golden Knights,2021-04-24,2,5,1,0.0,100.0,31.0,24.0,40.3,Anaheim Ducks,@,2.0,1.8,1.45,4.4,4.1,1.6,1.8,21.32,80.0,38.4,27.4,48.480000000000004
Vegas Golden Knights,2021-04-28,2,5,2,25.0,100.0,26.0,37.0,49.1,Colorado Avalanche,vs,2.0,1.8,1.45,4.2,4.0,1.4,1.8,21.32,100.0,38.2,27.8,45.82000000000001
Vegas Golden Knights,2021-04-30,0,0,3,0.0,100.0,25.0,32.0,43.1,Arizona Coyotes,@,2.0,2.0,1.45,4.4,4.4,1.8,1.7,26.32,100.0,33.2,32.0,45.64
Vegas Golden Knights,2021-05-01,2,3,2,20.0,75.0,34.0,21.0,53.7,Arizona Coyotes,@,1.6,1.8,1.45,3.4,3.7,2.0,1.6,19.66,100.0,32.4,31.4,45.480000000000004
Vegas Golden Knights,2021-05-03,0,5,6,33.3,50.0,32.0,32.0,56.7,Minnesota Wild,@,1.6,1.8,1.45,3.6,3.9,2.0,1.8,15.66,95.0,31.2,29.4,45.720000000000006
Vegas Golden Knights,2021-05-05,2,3,2,33.3,100.0,34.0,28.0,54.2,Minnesota Wild,@,1.2,1.6,1.45,3.6,4.0,2.8,2.2,15.66,85.0,29.6,29.2,48.58
Vegas Golden Knights,2021-05-07,2,4,3,0.0,100.0,35.0,25.0,42.6,St. Louis Blues,vs,1.2,1.6,1.45,3.2,3.7,3.0,2.2,22.32,85.0,30.2,30.0,51.36
Vegas Golden Knights,2021-05-08,2,4,1,25.0,100.0,29.0,21.0,42.9,St. Louis Blues,vs,1.2,1.6,1.45,3.0,3.7,3.2,2.5,17.32,85.0,32.0,27.6,50.06
Vegas Golden Knights,2021-05-10,0,1,2,0.0,100.0,37.0,21.0,55.8,Colorado Avalanche,vs,1.6,1.6,1.55,3.8,3.6,2.8,2.4,22.32,85.0,32.8,25.4,50.02
Vegas Golden Knights,2021-05-12,2,6,0,0.0,100.0,44.0,19.0,50.0,San Jose Sharks,@,1.2,1.4,1.5,3.4,3.5,2.8,2.4,18.32,90.0,33.4,25.4,50.440000000000005
Vegas Golden Knights,2021-10-12,2,4,3,0.0,100.0,30.0,31.0,52.0,Seattle Kraken,vs,1.6,1.4,1.6,3.6,3.6,1.6,2.2,11.66,100.0,35.8,22.8,49.1
Vegas Golden Knights,2021-10-14,0,2,6,0.0,0.0,25.0,47.0,50.8,Los Angeles Kings,@,1.6,1.4,1.6,3.8,3.5,1.8,2.4,5.0,100.0,35.0,23.4,48.660000000000004
Vegas Golden Knights,2021-10-20,0,1,3,0.0,100.0,43.0,38.0,41.8,St. Louis Blues,vs,1.2,1.2,1.6,3.4,3.2,2.4,2.8,5.0,80.0,33.0,27.8,50.3
Vegas Golden Knights,2021-10-22,0,3,5,0.0,66.7,39.0,33.0,46.3,Edmonton Oilers,vs,0.8,1.2,1.5,2.8,3.3,2.8,2.8,0.0,80.0,35.8,31.2,50.08
Vegas Golden Knights,2021-10-24,0,0,2,0.0,100.0,42.0,26.0,55.4,New York Islanders,vs,0.8,1.0,1.4,3.2,3.3,3.4,3.1,0.0,73.34,36.2,33.6,48.17999999999999
Vegas Golden Knights,2021-10-26,2,3,1,0.0,100.0,29.0,27.0,39.6,Colorado Avalanche,@,0.4,1.0,1.3,2.0,2.8,3.8,2.7,0.0,73.34,35.8,35.0,49.26
Vegas Golden Knights,2021-10-27,2,3,2,0.0,100.0,21.0,34.0,28.9,Dallas Stars,@,0.4,1.0,1.3,1.8,2.8,3.4,2.6,0.0,73.34,35.6,34.2,46.779999999999994
Vegas Golden Knights,2021-10-29,2,4,4,20.0,100.0,42.0,38.0,50.0,Anaheim Ducks,vs,0.8,1.0,1.3,2.0,2.7,2.6,2.5,0.0,93.34,34.8,31.6,42.39999999999999
Vegas Golden Knights,2021-11-02,0,0,4,0.0,0.0,26.0,33.0,46.2,Toronto Maple Leafs,@,1.2,1.0,1.3,2.6,2.7,2.8,2.8,4.0,93.34,34.6,31.6,44.04
Vegas Golden Knights,2021-11-04,2,5,1,0.0,100.0,39.0,39.0,40.4,Ottawa Senators,@,1.2,1.0,1.2,2.0,2.6,2.6,3.0,4.0,80.0,32.0,31.6,44.019999999999996
Vegas Golden Knights,2021-11-06,2,5,2,100.0,75.0,18.0,38.0,50.0,Montréal Canadiens,@,1.6,1.0,1.2,3.0,2.5,2.4,3.1,4.0,80.0,31.4,34.2,41.02
Vegas Golden Knights,2021-11-07,0,2,5,0.0,50.0,40.0,30.0,56.4,Detroit Red Wings,@,1.6,1.0,1.2,3.4,2.6,2.6,3.0,24.0,75.0,29.2,36.4,43.1
Vegas Golden Knights,2021-11-09,2,4,2,50.0,75.0,23.0,27.0,47.5,Seattle Kraken,vs,1.2,1.0,1.1,3.2,2.6,3.2,2.9,24.0,65.0,33.0,35.6,48.6
Vegas Golden Knights,2021-11-11,2,3,2,0.0,100.0,35.0,26.0,50.0,Minnesota Wild,vs,1.2,1.2,1.2,3.2,2.9,2.8,2.8,30.0,60.0,29.2,33.4,48.1
Vegas Golden Knights,2021-11-13,2,7,4,33.3,100.0,39.0,43.0,39.1,Vancouver Canucks,vs,1.6,1.4,1.2,3.8,2.9,2.4,2.5,30.0,80.0,31.0,32.0,48.86
Vegas Golden Knights,2021-11-16,0,2,4,0.0,50.0,23.0,42.0,51.5,Carolina Hurricanes,vs,1.6,1.6,1.3,4.2,3.6,3.0,2.7,36.660000000000004,80.0,31.0,32.8,48.6
Vegas Golden Knights,2021-11-18,2,5,2,0.0,100.0,32.0,28.0,58.1,Detroit Red Wings,vs,1.2,1.4,1.2,3.6,3.5,3.4,3.0,16.66,75.0,32.0,33.6,48.9
Vegas Golden Knights,2021-11-20,2,3,2,0.0,100.0,35.0,29.0,35.5,Columbus Blue Jackets,vs,1.6,1.4,1.2,4.2,3.7,2.8,3.0,16.66,85.0,30.4,33.2,49.24
Vegas Golden Knights,2021-11-22,0,2,5,0.0,50.0,34.0,31.0,44.4,St. Louis Blues,@,1.6,1.4,1.2,4.0,3.6,2.8,2.8,6.659999999999999,90.0,32.8,33.6,46.84
Vegas Golden Knights,2021-11-24,2,5,2,0.0,83.3,35.0,28.0,44.4,Nashville Predators,@,1.2,1.4,1.2,3.8,3.8,3.4,2.9,6.659999999999999,80.0,32.6,34.6,45.720000000000006
Vegas Golden Knights,2021-11-27,0,2,3,0.0,100.0,38.0,30.0,44.6,Edmonton Oilers,vs,1.2,1.4,1.2,3.4,3.8,3.0,3.0,0.0,76.66,31.8,31.6,46.779999999999994
Vegas Golden Knights,2021-12-01,0,5,6,50.0,100.0,39.0,34.0,62.3,Anaheim Ducks,@,1.2,1.2,1.1,3.4,3.5,2.8,3.1,0.0,86.66,34.8,29.2,45.4
Vegas Golden Knights,2021-12-03,2,7,1,50.0,100.0,32.0,30.0,42.1,Arizona Coyotes,@,0.8,1.2,1.1,3.4,3.8,3.6,3.2,10.0,86.66,36.2,30.4,46.239999999999995
Vegas Golden Knights,2021-12-05,2,3,2,0.0,100.0,28.0,25.0,47.1,Calgary Flames,vs,0.8,1.2,1.2,4.2,4.1,3.4,3.1,20.0,86.66,35.6,30.6,47.559999999999995
Vegas Golden Knights,2021-12-08,2,5,4,0.0,0.0,45.0,23.0,35.0,Dallas Stars,vs,1.2,1.2,1.3,4.4,4.1,2.8,3.1,20.0,96.66,34.4,29.4,48.1
Vegas Golden Knights,2021-12-10,0,3,4,16.7,33.3,44.0,25.0,52.9,Philadelphia Flyers,vs,1.2,1.2,1.4,4.4,3.9,3.2,3.1,20.0,80.0,36.4,28.4,46.220000000000006
Vegas Golden Knights,2021-12-12,2,6,4,50.0,83.3,36.0,27.0,45.6,Minnesota Wild,vs,1.2,1.2,1.3,4.6,4.0,3.4,3.1,23.34,66.66,37.6,27.4,47.879999999999995
Vegas Golden Knights,2021-12-14,2,4,1,100.0,100.0,25.0,24.0,39.6,Boston Bruins,@,1.6,1.2,1.3,4.8,4.1,3.0,3.3,23.34,63.31999999999999,37.0,26.0,44.54
Vegas Golden Knights,2021-12-16,2,5,3,25.0,66.7,30.0,26.0,48.3,New Jersey Devils,@,1.6,1.2,1.3,4.2,4.2,3.0,3.2,33.339999999999996,63.31999999999999,35.6,24.8,44.040000000000006
Vegas Golden Knights,2021-12-17,2,2,2,0.0,50.0,30.0,29.0,39.0,New York Rangers,@,1.6,1.4,1.4,4.6,4.5,3.2,3.0,38.339999999999996,56.65999999999999,36.0,25.0,44.28
Vegas Golden Knights,2021-12-19,2,3,3,100.0,66.7,34.0,32.0,45.8,New York Islanders,@,1.6,1.4,1.4,4.0,4.2,2.8,3.0,38.339999999999996,66.66,33.0,26.2,45.08
Vegas Golden Knights,2021-12-21,0,3,4,50.0,50.0,41.0,19.0,37.5,Tampa Bay Lightning,vs,2.0,1.6,1.4,4.0,4.3,2.6,3.0,55.0,73.34,31.0,27.6,43.660000000000004
Vegas Golden Knights,2021-12-28,2,6,3,50.0,100.0,27.0,27.0,40.0,Los Angeles Kings,@,1.6,1.6,1.4,3.4,4.1,2.6,2.8,55.0,66.68,32.0,26.0,42.04
Vegas Golden Knights,2021-12-31,2,3,1,0.0,0.0,45.0,16.0,50.9,Anaheim Ducks,vs,1.6,1.6,1.4,3.8,4.0,3.0,3.0,45.0,66.68,32.4,26.6,42.12
Vegas Golden Knights,2022-01-02,1,4,5,0.0,66.7,46.0,37.0,51.7,Winnipeg Jets,vs,1.6,1.6,1.4,3.4,4.0,2.6,2.9,40.0,53.34000000000001,35.4,24.6,42.64
Vegas Golden Knights,2022-01-04,0,2,3,0.0,100.0,43.0,26.0,55.7,Nashville Predators,vs,1.4,1.5,1.35,3.8,3.9,3.2,3.0,40.0,56.67999999999999,38.6,26.2,45.18
Vegas Golden Knights,2022-01-06,2,5,1,33.3,100.0,35.0,20.0,53.2,New York Rangers,vs,1.0,1.5,1.35,3.6,3.8,3.2,2.9,20.0,63.34000000000001,40.4,25.0,47.160000000000004
Vegas Golden Knights,2022-01-08,0,1,2,20.0,100.0,31.0,21.0,52.0,Chicago Blackhawks,vs,1.4,1.5,1.35,4.0,3.7,2.6,2.6,16.66,73.34,39.2,25.2,50.3
Vegas Golden Knights,2022-01-11,1,3,3,40.0,100.0,34.0,18.0,48.4,Toronto Maple Leafs,vs,1.0,1.3,1.25,3.0,3.4,2.4,2.7,10.66,73.34,40.0,24.0,52.7
Vegas Golden Knights,2022-01-17,0,3,5,50.0,66.7,26.0,37.0,54.4,Pittsburgh Penguins,vs,0.8,1.2,1.3,3.0,3.2,2.8,2.7,18.66,93.34,37.8,24.4,52.2
Vegas Golden Knights,2022-01-20,2,4,3,66.7,66.7,53.0,27.0,50.8,Montréal Canadiens,vs,0.6,1.0,1.2,2.8,3.3,2.8,3.0,28.660000000000004,93.34,33.8,24.4,52.739999999999995
Vegas Golden Knights,2022-01-24,2,1,0,0.0,100.0,29.0,34.0,50.9,Washington Capitals,@,1.0,1.0,1.3,3.2,3.4,2.8,3.0,42.0,86.68,35.8,24.6,51.760000000000005
Vegas Golden Knights,2022-01-25,1,3,4,0.0,80.0,29.0,30.0,45.9,Carolina Hurricanes,@,1.0,1.2,1.4,2.4,3.2,2.6,2.6,35.339999999999996,86.67999999999999,34.6,27.4,51.3
Vegas Golden Knights,2022-01-27,0,1,4,0.0,100.0,25.0,32.0,63.0,Florida Panthers,@,1.2,1.1,1.35,2.8,2.9,3.0,2.7,31.339999999999996,82.67999999999999,34.2,29.2,50.08
Vegas Golden Knights,2022-01-29,2,2,2,0.0,100.0,27.0,29.0,53.7,Tampa Bay Lightning,@,1.0,0.9,1.25,2.4,2.7,3.2,3.0,23.34,82.67999999999999,32.4,32.0,53.0
Vegas Golden Knights,2022-02-01,2,5,2,25.0,100.0,35.0,32.0,46.9,Buffalo Sabres,vs,1.4,1.0,1.25,2.2,2.5,2.6,2.7,13.34,89.34,32.6,30.4,52.86
Vegas Golden Knights,2022-02-08,2,4,0,0.0,100.0,28.0,28.0,52.4,Edmonton Oilers,@,1.4,1.2,1.35,2.4,2.8,2.4,2.6,5.0,96.0,29.0,31.4,52.08
Vegas Golden Knights,2022-02-09,0,0,6,0.0,50.0,28.0,33.0,45.0,Calgary Flames,@,1.4,1.2,1.35,3.0,2.7,2.4,2.5,5.0,96.0,28.8,30.2,52.379999999999995
Vegas Golden Knights,2022-02-16,0,0,2,0.0,66.7,29.0,25.0,60.7,Colorado Avalanche,vs,1.2,1.2,1.25,2.4,2.6,2.8,2.9,5.0,90.0,28.6,30.8,52.2
Vegas Golden Knights,2022-02-18,1,3,4,33.3,66.7,24.0,31.0,50.0,Los Angeles Kings,vs,1.2,1.1,1.15,2.2,2.3,2.4,2.8,5.0,83.34,29.4,29.4,51.74000000000001
Vegas Golden Knights,2022-02-20,2,4,1,0.0,100.0,35.0,36.0,62.5,San Jose Sharks,@,1.0,1.2,1.1,2.4,2.3,2.8,2.7,11.66,76.67999999999999,28.8,29.8,51.0
Vegas Golden Knights,2022-02-25,0,1,3,0.0,100.0,44.0,32.0,59.6,Arizona Coyotes,@,1.0,1.2,1.1,2.2,2.3,2.6,2.5,6.659999999999999,76.67999999999999,28.8,30.6,54.120000000000005
Vegas Golden Knights,2022-02-26,0,2,3,0.0,100.0,36.0,21.0,58.5,Colorado Avalanche,vs,0.6,1.0,1.1,1.6,2.3,3.2,2.8,6.659999999999999,76.67999999999999,32.0,31.4,55.56
Vegas Golden Knights,2022-03-01,2,3,1,0.0,80.0,31.0,17.0,58.0,San Jose Sharks,vs,0.6,0.9,1.0,2.0,2.2,2.6,2.7,6.659999999999999,86.67999999999999,33.6,29.0,58.260000000000005
Vegas Golden Knights,2022-03-03,0,2,5,0.0,100.0,36.0,36.0,55.8,Boston Bruins,vs,1.0,1.1,1.0,2.6,2.4,2.4,2.4,6.659999999999999,89.34,34.0,27.4,57.720000000000006
Vegas Golden Knights,2022-03-04,2,5,4,0.0,50.0,35.0,24.0,48.5,Anaheim Ducks,@,0.8,0.9,0.95,2.4,2.4,2.6,2.7,0.0,96.0,36.4,28.4,58.879999999999995
Vegas Golden Knights,2022-03-06,2,2,1,50.0,50.0,42.0,40.0,49.2,Ottawa Senators,vs,0.8,0.9,1.05,2.6,2.4,3.2,2.9,0.0,86.0,36.4,26.0,56.08
Vegas Golden Knights,2022-03-08,0,1,2,20.0,100.0,48.0,21.0,54.4,Philadelphia Flyers,@,1.2,0.9,1.05,2.8,2.2,2.8,3.0,10.0,76.0,36.0,27.6,54.0
Vegas Golden Knights,2022-03-10,0,1,3,0.0,75.0,31.0,24.0,66.0,Buffalo Sabres,@,1.2,0.9,1.05,2.6,2.3,2.6,2.6,14.0,76.0,38.4,27.6,53.17999999999999
Vegas Golden Knights,2022-03-11,0,2,5,0.0,66.7,42.0,33.0,52.7,Pittsburgh Penguins,@,0.8,0.9,1.0,2.2,2.4,3.0,2.7,14.0,75.0,38.4,29.0,54.779999999999994
Vegas Golden Knights,2022-03-13,0,4,6,25.0,66.7,27.0,38.0,49.2,Columbus Blue Jackets,@,0.8,0.8,1.0,2.2,2.3,3.0,2.8,14.0,68.34,39.6,28.4,54.160000000000004
Vegas Golden Knights,2022-03-15,0,3,7,50.0,66.7,38.0,23.0,43.4,Winnipeg Jets,@,0.4,0.6,0.9,2.0,2.3,3.4,3.3,19.0,71.68,38.0,31.2,54.3
Vegas Golden Knights,2022-03-17,2,5,3,33.3,0.0,33.0,36.0,54.7,Florida Panthers,vs,0.0,0.6,0.8,2.2,2.5,4.6,3.7,19.0,75.02,37.2,27.8,53.14
Vegas Golden Knights,2022-03-19,2,5,1,50.0,100.0,24.0,39.0,34.9,Los Angeles Kings,vs,0.4,0.8,0.85,3.0,2.8,4.8,3.7,21.66,55.02,34.2,30.8,53.2
Vegas Golden Knights,2022-03-21,0,0,3,0.0,100.0,28.0,36.0,58.3,Minnesota Wild,@,0.8,0.8,0.95,3.8,3.0,4.4,3.7,31.660000000000004,60.02,32.8,33.8,46.980000000000004
Vegas Golden Knights,2022-03-22,0,0,4,0.0,50.0,42.0,26.0,50.0,Winnipeg Jets,@,0.8,0.8,0.85,3.4,2.8,4.0,3.5,31.660000000000004,66.68,30.0,34.4,48.1
Vegas Golden Knights,2022-03-24,2,6,1,60.0,66.7,50.0,36.0,47.7,Nashville Predators,vs,0.8,0.6,0.75,2.6,2.3,3.6,3.5,26.660000000000004,63.34000000000001,33.0,32.0,48.260000000000005
Vegas Golden Knights,2022-03-26,2,5,4,0.0,100.0,34.0,34.0,62.1,Chicago Blackhawks,vs,1.2,0.6,0.75,3.2,2.7,2.4,3.5,28.660000000000004,63.339999999999996,35.4,34.6,49.12
Vegas Golden Knights,2022-03-30,2,3,0,0.0,100.0,30.0,22.0,52.3,Seattle Kraken,@,1.2,0.8,0.85,3.2,3.1,2.6,3.7,22.0,83.34,35.6,34.2,50.6
Vegas Golden Knights,2022-04-01,2,5,2,0.0,100.0,26.0,28.0,47.3,Seattle Kraken,@,1.2,1.0,0.95,2.8,3.3,2.4,3.4,12.0,83.34,36.8,30.8,54.08
Vegas Golden Knights,2022-04-03,2,3,2,0.0,66.7,30.0,28.0,44.2,Vancouver Canucks,@,1.6,1.2,1.0,3.8,3.6,2.2,3.1,12.0,83.34,36.4,29.2,51.879999999999995
Vegas Golden Knights,2022-04-06,0,1,5,0.0,33.3,34.0,31.0,41.7,Vancouver Canucks,vs,2.0,1.4,1.0,4.4,3.5,1.8,2.7,12.0,86.67999999999999,34.0,29.6,50.72
Vegas Golden Knights,2022-04-09,2,6,1,0.0,100.0,39.0,30.0,52.6,Arizona Coyotes,vs,1.6,1.4,1.0,3.4,3.3,2.6,2.5,0.0,80.0,30.8,28.6,49.519999999999996
Vegas Golden Knights,2022-04-12,1,4,5,0.0,33.3,45.0,27.0,51.7,Vancouver Canucks,@,1.6,1.4,1.1,3.6,3.4,2.0,2.3,0.0,80.0,31.8,27.8,47.620000000000005
Vegas Golden Knights,2022-04-14,2,6,1,25.0,66.7,25.0,36.0,54.7,Calgary Flames,@,1.4,1.3,1.05,3.8,3.3,3.0,2.7,0.0,66.66,34.8,28.8,47.5
Vegas Golden Knights,2022-04-16,0,0,4,0.0,100.0,39.0,36.0,47.0,Edmonton Oilers,@,1.4,1.5,1.15,4.0,3.9,2.8,2.5,5.0,60.0,34.6,30.4,48.980000000000004
Vegas Golden Knights,2022-04-18,0,2,3,0.0,100.0,44.0,28.0,50.9,New Jersey Devils,vs,1.0,1.5,1.05,3.4,3.9,3.2,2.5,5.0,66.66,36.4,32.0,49.54
Vegas Golden Knights,2022-04-20,2,4,3,50.0,100.0,30.0,28.0,46.7,Washington Capitals,vs,1.0,1.3,0.95,3.6,3.5,2.8,2.7,5.0,80.0,38.4,31.4,51.38000000000001
Vegas Golden Knights,2022-04-24,1,4,4,25.0,100.0,46.0,29.0,57.5,San Jose Sharks,vs,1.0,1.3,1.05,3.2,3.4,3.2,2.6,15.0,80.0,36.6,31.0,50.2
Vegas Golden Knights,2022-04-26,1,2,2,100.0,100.0,35.0,30.0,42.0,Dallas Stars,@,1.0,1.2,1.1,3.2,3.5,3.0,3.0,20.0,93.34,36.8,31.4,51.36
Vegas Golden Knights,2022-04-27,1,3,3,0.0,100.0,40.0,40.0,50.9,Chicago Blackhawks,@,0.8,1.1,1.15,2.4,3.2,3.2,3.0,35.0,100.0,38.8,30.2,48.82000000000001
Vegas Golden Knights,2022-04-29,2,7,4,50.0,33.3,45.0,18.0,53.7,St. Louis Blues,@,1.0,1.0,1.2,3.0,3.2,3.0,3.1,35.0,100.0,39.0,31.0,49.6
